<?xml version="1.0" encoding="UTF-8"?>
<tour appversion="7.1.7" hassounds="0" apprev="20981" start="node1">
  <panorama id="node1">
    <input leveltilesize="510" width="1440" levelbiashidpi="1.000" overlap="1" height="1440" leveltileurl="tiles/node1/cf_%c/l_%l/c_%x/tile_%y.jpg" levelingroll="0" levelbias="0.400" levelingpitch="-3">
      <level preload="0" predecode="0" width="1440" height="1440"/>
      <level preload="0" predecode="0" width="720" height="720"/>
      <level preload="1" predecode="1" width="360" height="360"/>
      <preview strip="1" color="0x808080"/>
    </input>
    <view fovmode="2" pannorth="0">
      <start pan="86" tilt="0" projection="4" fov="115"/>
      <flyin pan="0" tilt="-90" projection="9" fov="170"/>
      <min fovpixel="2" pan="0" tilt="-90"/>
      <max pan="360" tilt="90" fovstereographic="330" fov="140" fovfisheye="360" scaletofit="1"/>
    </view>
    <userdata info="" tags="100MEDIA" longitude="" customnodeid="" heading="0" latitude="" author="" nodeid="node1" copyright="" comment="" source="" title="" datetime="" description=""/>
    <hotspots smoothmovement="0" wordwrap="1" width="180" height="20">
      <label borderalpha="1" backgroundalpha="1" width="180" textalpha="1" border="1" backgroundcolor="0xffffff" height="20" borderradius="1" bordercolor="0x000000" enabled="1" background="1" wordwrap="1" textcolor="0x000000"/>
      <polystyle bordercolor="0x0000ff" mode="0" borderalpha="1" handcursor="1" backgroundalpha="0.25098" backgroundcolor="0x0000ff"/>
      <hotspot url="{node2}" pan="-98.83" tilt="-36.24" skinid="ht_node" id="Point02" title="" description="" target=""/>
      <hotspot url="{node5}" pan="-97.04" tilt="-12.65" skinid="ht_node" id="Point03" title="" description="" target=""/>
    </hotspots>
    <media/>
    <transition zoomfov="40" softedge="0" zoomafteroutfov="40" zoomout="0" zoomin="0" zoomoutpause="1" zoomafterinfov="140" blendtime="1" enabled="1" type="crossdissolve" delay="none" blendcolor="0x000000" zoomspeed="2"/>
    <animation syncanimationwithvideo="0" clipsrandom="0" animsequence="Animation01" useinautorotation="0"/>
    <control rubberband="0" speedwheel="1" contextvr="1" zoomcentercursor="1" lockedkeyboard="0" contextprojections="0" lockedkeyboardzoom="0" sensitivity="8" invertcontrol="1" lockedmouse="0" simulatemass="1" invertwheel="0" dblclickfullscreen="0" lockedwheel="0" contextfullscreen="1" hideabout="0"/>
  </panorama>
  <panorama id="node2">
    <input leveltilesize="510" width="1440" levelbiashidpi="1.000" overlap="1" height="1440" leveltileurl="tiles/node2/cf_%c/l_%l/c_%x/tile_%y.jpg" levelingroll="0" levelbias="0.400" levelingpitch="0">
      <level preload="0" predecode="0" width="1440" height="1440"/>
      <level preload="0" predecode="0" width="720" height="720"/>
      <level preload="1" predecode="1" width="360" height="360"/>
      <preview strip="1" color="0x808080"/>
    </input>
    <view fovmode="2" pannorth="0">
      <start pan="-173" tilt="0" projection="4" fov="115"/>
      <flyin pan="0" tilt="-90" projection="9" fov="170"/>
      <min fovpixel="2" pan="0" tilt="-90"/>
      <max pan="360" tilt="90" fovstereographic="330" fov="140" fovfisheye="360" scaletofit="1"/>
    </view>
    <userdata info="" tags="100MEDIA" longitude="" customnodeid="" heading="0" latitude="" author="" nodeid="node2" copyright="" comment="" source="" title="" datetime="" description=""/>
    <hotspots smoothmovement="0" wordwrap="1" width="180" height="20">
      <label borderalpha="1" backgroundalpha="1" width="180" textalpha="1" border="1" backgroundcolor="0xffffff" height="20" borderradius="1" bordercolor="0x000000" enabled="1" background="1" wordwrap="1" textcolor="0x000000"/>
      <polystyle bordercolor="0x0000ff" mode="0" borderalpha="1" handcursor="1" backgroundalpha="0.25098" backgroundcolor="0x0000ff"/>
      <hotspot url="{node3}" pan="-175.96" tilt="-37.24" skinid="ht_node" id="Point03" title="" description="" target=""/>
      <hotspot url="{node1}" pan="-10.12" tilt="-42.64" skinid="ht_node" id="Point02" title="" description="" target=""/>
    </hotspots>
    <media/>
    <transition zoomfov="40" softedge="0" zoomafteroutfov="40" zoomout="0" zoomin="0" zoomoutpause="1" zoomafterinfov="140" blendtime="1" enabled="1" type="crossdissolve" delay="none" blendcolor="0x000000" zoomspeed="2"/>
    <animation syncanimationwithvideo="0" clipsrandom="0" animsequence="Animation01" useinautorotation="0"/>
    <control rubberband="0" speedwheel="1" contextvr="1" zoomcentercursor="1" lockedkeyboard="0" contextprojections="0" lockedkeyboardzoom="0" sensitivity="8" invertcontrol="1" lockedmouse="0" simulatemass="1" invertwheel="0" dblclickfullscreen="0" lockedwheel="0" contextfullscreen="1" hideabout="0"/>
  </panorama>
  <panorama id="node3">
    <input leveltilesize="510" width="1440" levelbiashidpi="1.000" overlap="1" height="1440" leveltileurl="tiles/node3/cf_%c/l_%l/c_%x/tile_%y.jpg" levelingroll="0" levelbias="0.400" levelingpitch="-4">
      <level preload="0" predecode="0" width="1440" height="1440"/>
      <level preload="0" predecode="0" width="720" height="720"/>
      <level preload="1" predecode="1" width="360" height="360"/>
      <preview strip="1" color="0x808080"/>
    </input>
    <view fovmode="2" pannorth="0">
      <start pan="85.52" tilt="0" projection="4" fov="115"/>
      <flyin pan="0" tilt="-90" projection="9" fov="170"/>
      <min fovpixel="2" pan="0" tilt="-90"/>
      <max pan="360" tilt="90" fovstereographic="330" fov="140" fovfisheye="360" scaletofit="1"/>
    </view>
    <userdata info="" tags="100MEDIA" longitude="" customnodeid="" heading="0" latitude="" author="" nodeid="node3" copyright="" comment="" source="" title="" datetime="" description=""/>
    <hotspots smoothmovement="0" wordwrap="1" width="180" height="20">
      <label borderalpha="1" backgroundalpha="1" width="180" textalpha="1" border="1" backgroundcolor="0xffffff" height="20" borderradius="1" bordercolor="0x000000" enabled="1" background="1" wordwrap="1" textcolor="0x000000"/>
      <polystyle bordercolor="0x0000ff" mode="0" borderalpha="1" handcursor="1" backgroundalpha="0.25098" backgroundcolor="0x0000ff"/>
      <hotspot url="{node2}" pan="-96.94" tilt="-47.01" skinid="ht_node" id="Point02" title="" description="" target=""/>
      <hotspot url="{node4}" pan="-270.75" tilt="-51.84" skinid="ht_node" id="Point01" title="" description="" target=""/>
    </hotspots>
    <media/>
    <transition zoomfov="40" softedge="0" zoomafteroutfov="40" zoomout="0" zoomin="0" zoomoutpause="1" zoomafterinfov="140" blendtime="1" enabled="1" type="crossdissolve" delay="none" blendcolor="0x000000" zoomspeed="2"/>
    <animation syncanimationwithvideo="0" clipsrandom="0" animsequence="Animation01" useinautorotation="0"/>
    <control rubberband="0" speedwheel="1" contextvr="1" zoomcentercursor="1" lockedkeyboard="0" contextprojections="0" lockedkeyboardzoom="0" sensitivity="8" invertcontrol="1" lockedmouse="0" simulatemass="1" invertwheel="0" dblclickfullscreen="0" lockedwheel="0" contextfullscreen="1" hideabout="0"/>
  </panorama>
  <panorama id="node4">
    <input leveltilesize="510" width="1440" levelbiashidpi="1.000" overlap="1" height="1440" leveltileurl="tiles/node4/cf_%c/l_%l/c_%x/tile_%y.jpg" levelingroll="0" levelbias="0.400" levelingpitch="-3">
      <level preload="0" predecode="0" width="1440" height="1440"/>
      <level preload="0" predecode="0" width="720" height="720"/>
      <level preload="1" predecode="1" width="360" height="360"/>
      <preview strip="1" color="0x808080"/>
    </input>
    <view fovmode="2" pannorth="0">
      <start pan="88" tilt="-21" projection="4" fov="115"/>
      <flyin pan="0" tilt="-90" projection="9" fov="170"/>
      <min fovpixel="2" pan="0" tilt="-90"/>
      <max pan="360" tilt="90" fovstereographic="330" fov="140" fovfisheye="360" scaletofit="1"/>
    </view>
    <userdata info="" tags="100MEDIA" longitude="" customnodeid="" heading="0" latitude="" author="" nodeid="node4" copyright="" comment="" source="" title="" datetime="" description=""/>
    <hotspots smoothmovement="0" wordwrap="1" width="180" height="20">
      <label borderalpha="1" backgroundalpha="1" width="180" textalpha="1" border="1" backgroundcolor="0xffffff" height="20" borderradius="1" bordercolor="0x000000" enabled="1" background="1" wordwrap="1" textcolor="0x000000"/>
      <polystyle bordercolor="0x0000ff" mode="0" borderalpha="1" handcursor="1" backgroundalpha="0.25098" backgroundcolor="0x0000ff"/>
      <hotspot url="{node3}" pan="-95.03" tilt="-51.65" skinid="ht_node" id="Point01" title="" description="" target=""/>
      <hotspot url="{node5}" pan="-265.96" tilt="-46.86" skinid="ht_node" id="Point02" title="" description="" target=""/>
    </hotspots>
    <media/>
    <transition zoomfov="40" softedge="0" zoomafteroutfov="40" zoomout="0" zoomin="0" zoomoutpause="1" zoomafterinfov="140" blendtime="1" enabled="1" type="crossdissolve" delay="none" blendcolor="0x000000" zoomspeed="2"/>
    <animation syncanimationwithvideo="0" clipsrandom="0" animsequence="Animation01" useinautorotation="0"/>
    <control rubberband="0" speedwheel="1" contextvr="1" zoomcentercursor="1" lockedkeyboard="0" contextprojections="0" lockedkeyboardzoom="0" sensitivity="8" invertcontrol="1" lockedmouse="0" simulatemass="1" invertwheel="0" dblclickfullscreen="0" lockedwheel="0" contextfullscreen="1" hideabout="0"/>
  </panorama>
  <panorama id="node5">
    <input leveltilesize="510" width="1440" levelbiashidpi="1.000" overlap="1" height="1440" leveltileurl="tiles/node5/cf_%c/l_%l/c_%x/tile_%y.jpg" levelingroll="0" levelbias="0.400" levelingpitch="0">
      <level preload="0" predecode="0" width="1440" height="1440"/>
      <level preload="0" predecode="0" width="720" height="720"/>
      <level preload="1" predecode="1" width="360" height="360"/>
      <preview strip="1" color="0x808080"/>
    </input>
    <view fovmode="2" pannorth="0">
      <start pan="81" tilt="0" projection="4" fov="115"/>
      <flyin pan="0" tilt="-90" projection="9" fov="170"/>
      <min fovpixel="2" pan="0" tilt="-90"/>
      <max pan="360" tilt="90" fovstereographic="330" fov="140" fovfisheye="360" scaletofit="1"/>
    </view>
    <userdata info="" tags="100MEDIA" longitude="" customnodeid="" heading="0" latitude="" author="" nodeid="node5" copyright="" comment="" source="" title="" datetime="" description=""/>
    <hotspots smoothmovement="0" wordwrap="1" width="180" height="20">
      <label borderalpha="1" backgroundalpha="1" width="180" textalpha="1" border="1" backgroundcolor="0xffffff" height="20" borderradius="1" bordercolor="0x000000" enabled="1" background="1" wordwrap="1" textcolor="0x000000"/>
      <polystyle bordercolor="0x0000ff" mode="0" borderalpha="1" handcursor="1" backgroundalpha="0.25098" backgroundcolor="0x0000ff"/>
      <hotspot url="{node4}" pan="-290.94" tilt="-50.88" skinid="ht_node" id="Point01" title="" description="" target=""/>
      <hotspot url="{node1}" pan="-281.67" tilt="-10.44" skinid="ht_node" id="Point02" title="" description="" target=""/>
    </hotspots>
    <media/>
    <transition zoomfov="40" softedge="0" zoomafteroutfov="40" zoomout="0" zoomin="0" zoomoutpause="1" zoomafterinfov="140" blendtime="1" enabled="1" type="crossdissolve" delay="none" blendcolor="0x000000" zoomspeed="2"/>
    <animation syncanimationwithvideo="0" clipsrandom="0" animsequence="Animation01" useinautorotation="0"/>
    <control rubberband="0" speedwheel="1" contextvr="1" zoomcentercursor="1" lockedkeyboard="0" contextprojections="0" lockedkeyboardzoom="0" sensitivity="8" invertcontrol="1" lockedmouse="0" simulatemass="1" invertwheel="0" dblclickfullscreen="0" lockedwheel="0" contextfullscreen="1" hideabout="0"/>
  </panorama>
  <masternode>
    <userdata tags="" copyright="" comment="" title="Инна Ололоша" description="" author=""/>
    <animationsequences>
      <sequence title="Animation01"/>
    </animationsequences>
  </masternode>
</tour>
