{"v":"5.5.7","meta":{"g":"LottieFiles AE 0.1.20","a":"","k":"","d":"","tc":""},"fr":24,"ip":13,"op":21,"w":24,"h":24,"nm":"Comp 1","ddd":0,"assets":[],"layers":[{"ddd":0,"ind":5,"ty":4,"nm":"oben 3","sr":1,"ks":{"o":{"a":0,"k":100,"ix":11},"r":{"a":1,"k":[{"i":{"x":[0.833],"y":[0.833]},"o":{"x":[0.167],"y":[0.167]},"t":13,"s":[45]},{"i":{"x":[0.833],"y":[0.833]},"o":{"x":[0.167],"y":[0.167]},"t":17,"s":[0]},{"t":20,"s":[45]}],"ix":10},"p":{"a":1,"k":[{"i":{"x":0.833,"y":0.833},"o":{"x":0.167,"y":0.167},"t":13,"s":[11.75,12.031,0],"to":[0,0,0],"ti":[0,0,0]},{"i":{"x":0.833,"y":0.833},"o":{"x":0.167,"y":0.167},"t":16,"s":[11.75,12.031,0],"to":[-1.064,0,0],"ti":[1.064,0,0]},{"t":20,"s":[5.366,12.031,0]}],"ix":2},"a":{"a":0,"k":[9,1.031,0],"ix":1},"s":{"a":0,"k":[100,100,100],"ix":6}},"ao":0,"shapes":[{"ty":"gr","it":[{"ind":0,"ty":"sh","ix":1,"ks":{"a":1,"k":[{"i":{"x":0.833,"y":0.833},"o":{"x":0.167,"y":0.167},"t":16,"s":[{"i":[[0,-0.55],[-0.55,0],[0,0],[0,0.55],[0.55,0],[0,0]],"o":[[0,0.55],[0,0],[0.55,0],[0,-0.55],[0,0],[-0.55,0]],"v":[[-9,-5],[-8,-4],[8,-4],[9,-5],[8,-6],[-8,-6]],"c":true}]},{"i":{"x":0.833,"y":0.833},"o":{"x":0.167,"y":0.167},"t":17,"s":[{"i":[[0,-0.55],[-0.55,0],[0,0],[0,0.55],[0.55,0],[0,0]],"o":[[0,0.55],[0,0],[0.55,0],[0,-0.55],[0,0],[-0.55,0]],"v":[[-0.938,-5],[0.062,-4],[8,-4],[9,-5],[8,-6],[0.062,-6]],"c":true}]},{"t":20,"s":[{"i":[[0,-0.55],[-0.55,0],[0,0],[0,0.55],[0.55,0],[0,0]],"o":[[0,0.55],[0,0],[0.55,0],[0,-0.55],[0,0],[-0.55,0]],"v":[[-0.938,-5],[0.062,-4],[9.326,-4.003],[10.326,-5.003],[9.326,-6.003],[0.062,-6]],"c":true}]}],"ix":2},"nm":"Path 1","mn":"ADBE Vector Shape - Group","hd":false},{"ty":"mm","mm":1,"nm":"Merge Paths 1","mn":"ADBE Vector Filter - Merge","hd":false},{"ty":"mm","mm":4,"nm":"Merge Paths 2","mn":"ADBE Vector Filter - Merge","hd":false},{"ty":"fl","c":{"a":0,"k":[0.996078431606,0.996078431606,0.996078431606,1],"ix":4},"o":{"a":0,"k":100,"ix":5},"r":1,"bm":0,"nm":"Fill 1","mn":"ADBE Vector Graphic - Fill","hd":false},{"ty":"tr","p":{"a":0,"k":[9,6],"ix":2},"a":{"a":0,"k":[0,0],"ix":1},"s":{"a":0,"k":[100,100],"ix":3},"r":{"a":0,"k":0,"ix":6},"o":{"a":0,"k":100,"ix":7},"sk":{"a":0,"k":0,"ix":4},"sa":{"a":0,"k":0,"ix":5},"nm":"Transform"}],"nm":"Group 1","np":4,"cix":2,"bm":0,"ix":1,"mn":"ADBE Vector Group","hd":false}],"ip":0,"op":48,"st":0,"bm":0},{"ddd":0,"ind":6,"ty":4,"nm":"mitte 2","sr":1,"ks":{"o":{"a":0,"k":100,"ix":11},"r":{"a":0,"k":0,"ix":10},"p":{"a":0,"k":[3.75,12,0],"ix":2},"a":{"a":0,"k":[1,6,0],"ix":1},"s":{"a":0,"k":[100,100,100],"ix":6}},"ao":0,"shapes":[{"ty":"gr","it":[{"ind":0,"ty":"sh","ix":1,"ks":{"a":1,"k":[{"i":{"x":0.833,"y":0.833},"o":{"x":0.167,"y":0.167},"t":17,"s":[{"i":[[-0.55,0],[0,0],[0,0.55],[0.55,0],[0,0],[0,-0.55]],"o":[[0,0],[0.55,0],[0,-0.55],[0,0],[-0.55,0],[0,0.55]],"v":[[-8,1],[7.25,1],[8.25,0],[7.25,-1],[-8,-1],[-9,0]],"c":true}]},{"t":20,"s":[{"i":[[-0.55,0],[0,0],[0,0.55],[0.55,0],[0,0],[0,-0.55]],"o":[[0,0],[0.55,0],[0,-0.55],[0,0],[-0.55,0],[0,0.55]],"v":[[-6.297,1],[7.25,1],[8.25,0],[7.25,-1],[-6.297,-1],[-7.297,0]],"c":true}]}],"ix":2},"nm":"Path 2","mn":"ADBE Vector Shape - Group","hd":false},{"ty":"mm","mm":1,"nm":"Merge Paths 1","mn":"ADBE Vector Filter - Merge","hd":false},{"ty":"mm","mm":4,"nm":"Merge Paths 2","mn":"ADBE Vector Filter - Merge","hd":false},{"ty":"fl","c":{"a":0,"k":[0.996078431606,0.996078431606,0.996078431606,1],"ix":4},"o":{"a":1,"k":[{"i":{"x":[0.833],"y":[0.833]},"o":{"x":[0.167],"y":[0.167]},"t":16,"s":[0]},{"t":17,"s":[100]}],"ix":5},"r":1,"bm":0,"nm":"Fill 1","mn":"ADBE Vector Graphic - Fill","hd":false},{"ty":"tr","p":{"a":0,"k":[9,6],"ix":2},"a":{"a":0,"k":[0,0],"ix":1},"s":{"a":0,"k":[100,100],"ix":3},"r":{"a":0,"k":0,"ix":6},"o":{"a":0,"k":100,"ix":7},"sk":{"a":0,"k":0,"ix":4},"sa":{"a":0,"k":0,"ix":5},"nm":"Transform"}],"nm":"Group 1","np":4,"cix":2,"bm":0,"ix":1,"mn":"ADBE Vector Group","hd":false}],"ip":0,"op":48,"st":0,"bm":0},{"ddd":0,"ind":8,"ty":4,"nm":"unten 3","sr":1,"ks":{"o":{"a":0,"k":100,"ix":11},"r":{"a":1,"k":[{"i":{"x":[0.833],"y":[0.833]},"o":{"x":[0.167],"y":[0.167]},"t":13,"s":[-45]},{"i":{"x":[0.833],"y":[0.833]},"o":{"x":[0.167],"y":[0.167]},"t":17,"s":[0]},{"t":20,"s":[-45]}],"ix":10},"p":{"a":1,"k":[{"i":{"x":0.833,"y":0.833},"o":{"x":0.167,"y":0.167},"t":13,"s":[11.75,12,0],"to":[0,0,0],"ti":[0,0,0]},{"i":{"x":0.833,"y":0.833},"o":{"x":0.167,"y":0.167},"t":16,"s":[11.75,12,0],"to":[-1.059,0.005,0],"ti":[1.059,-0.005,0]},{"t":20,"s":[5.397,12.031,0]}],"ix":2},"a":{"a":0,"k":[9,11,0],"ix":1},"s":{"a":0,"k":[100,100,100],"ix":6}},"ao":0,"shapes":[{"ty":"gr","it":[{"ind":0,"ty":"sh","ix":1,"ks":{"a":1,"k":[{"i":{"x":0.833,"y":0.833},"o":{"x":0.167,"y":0.167},"t":16,"s":[{"i":[[-0.55,0],[0,0],[0,0.55],[0.55,0],[0,0],[0,-0.55]],"o":[[0,0],[0.55,0],[0,-0.55],[0,0],[-0.55,0],[0,0.55]],"v":[[-8,6],[8,6],[9,5],[8,4],[-8,4],[-9,5]],"c":true}]},{"i":{"x":0.833,"y":0.833},"o":{"x":0.167,"y":0.167},"t":17,"s":[{"i":[[-0.55,0],[0,0],[0,0.55],[0.55,0],[0,0],[0,-0.55]],"o":[[0,0],[0.55,0],[0,-0.55],[0,0],[-0.55,0],[0,0.55]],"v":[[0.062,6],[8,6],[9,5],[8,4],[0.062,4],[-0.938,5]],"c":true}]},{"t":20,"s":[{"i":[[-0.55,0],[0,0],[0,0.55],[0.55,0],[0,0],[0,-0.55]],"o":[[0,0],[0.55,0],[0,-0.55],[0,0],[-0.55,0],[0,0.55]],"v":[[0.062,6],[9.337,5.998],[10.337,4.998],[9.337,3.998],[0.062,4],[-0.938,5]],"c":true}]}],"ix":2},"nm":"Path 3","mn":"ADBE Vector Shape - Group","hd":false},{"ty":"mm","mm":1,"nm":"Merge Paths 1","mn":"ADBE Vector Filter - Merge","hd":false},{"ty":"mm","mm":4,"nm":"Merge Paths 2","mn":"ADBE Vector Filter - Merge","hd":false},{"ty":"fl","c":{"a":0,"k":[0.996078431606,0.996078431606,0.996078431606,1],"ix":4},"o":{"a":0,"k":100,"ix":5},"r":1,"bm":0,"nm":"Fill 1","mn":"ADBE Vector Graphic - Fill","hd":false},{"ty":"tr","p":{"a":0,"k":[9,6],"ix":2},"a":{"a":0,"k":[0,0],"ix":1},"s":{"a":0,"k":[100,100],"ix":3},"r":{"a":0,"k":0,"ix":6},"o":{"a":0,"k":100,"ix":7},"sk":{"a":0,"k":0,"ix":4},"sa":{"a":0,"k":0,"ix":5},"nm":"Transform"}],"nm":"Group 1","np":4,"cix":2,"bm":0,"ix":1,"mn":"ADBE Vector Group","hd":false}],"ip":0,"op":48,"st":0,"bm":0}],"markers":[]}