{"v":"5.5.7","meta":{"g":"LottieFiles AE 0.1.20","a":"","k":"","d":"","tc":""},"fr":24,"ip":0,"op":10,"w":24,"h":24,"nm":"Comp 1","ddd":0,"assets":[],"layers":[{"ddd":0,"ind":1,"ty":4,"nm":"oben","parent":2,"sr":1,"ks":{"o":{"a":0,"k":100,"ix":11},"r":{"a":1,"k":[{"i":{"x":[0.833],"y":[0.833]},"o":{"x":[0.167],"y":[0.167]},"t":5,"s":[0]},{"t":6,"s":[45]}],"ix":10},"p":{"a":0,"k":[4,1,0],"ix":2},"a":{"a":0,"k":[4,1,0],"ix":1},"s":{"a":0,"k":[100,100,100],"ix":6}},"ao":0,"shapes":[{"ty":"gr","it":[{"ind":0,"ty":"sh","ix":1,"ks":{"a":1,"k":[{"i":{"x":0.833,"y":0.833},"o":{"x":0.167,"y":0.167},"t":0,"s":[{"i":[[0,-0.55],[-0.55,0],[0,0],[0,0.55],[0.55,0],[0,0]],"o":[[0,0.55],[0,0],[0.55,0],[0,-0.55],[0,0],[-0.55,0]],"v":[[-9,-5],[-8,-4],[8,-4],[9,-5],[8,-6],[-8,-6]],"c":true}]},{"i":{"x":0.833,"y":0.833},"o":{"x":0.167,"y":0.167},"t":5,"s":[{"i":[[0,-0.55],[-0.55,0],[0,0],[0,0.55],[0.55,0],[0,0]],"o":[[0,0.55],[0,0],[0.55,0],[0,-0.55],[0,0],[-0.55,0]],"v":[[-5.922,-5],[-4.922,-4],[-4.945,-4],[-3.945,-5],[-4.945,-6],[-4.922,-6]],"c":true}]},{"i":{"x":0.833,"y":0.833},"o":{"x":0.167,"y":0.167},"t":9,"s":[{"i":[[0,-0.55],[-0.55,0],[0,0],[0,0.55],[0.55,0],[0,0]],"o":[[0,0.55],[0,0],[0.55,0],[0,-0.55],[0,0],[-0.55,0]],"v":[[-5.922,-5],[-4.922,-4],[9.249,-4.002],[10.249,-5.002],[9.249,-6.002],[-4.922,-6]],"c":true}]},{"t":10,"s":[{"i":[[0,-0.55],[-0.55,0],[0,0],[0,0.55],[0.55,0],[0,0]],"o":[[0,0.55],[0,0],[0.55,0],[0,-0.55],[0,0],[-0.55,0]],"v":[[-6.784,-5.006],[-5.784,-4.006],[9.89,-4.009],[10.89,-5.009],[9.89,-6.009],[-5.784,-6.006]],"c":true}]}],"ix":2},"nm":"Path 1","mn":"ADBE Vector Shape - Group","hd":false},{"ty":"mm","mm":1,"nm":"Merge Paths 1","mn":"ADBE Vector Filter - Merge","hd":false},{"ty":"mm","mm":4,"nm":"Merge Paths 2","mn":"ADBE Vector Filter - Merge","hd":false},{"ty":"fl","c":{"a":0,"k":[0.996078431606,0.996078431606,0.996078431606,1],"ix":4},"o":{"a":0,"k":100,"ix":5},"r":1,"bm":0,"nm":"Fill 1","mn":"ADBE Vector Graphic - Fill","hd":false},{"ty":"tr","p":{"a":0,"k":[9,6],"ix":2},"a":{"a":0,"k":[0,0],"ix":1},"s":{"a":0,"k":[100,100],"ix":3},"r":{"a":0,"k":0,"ix":6},"o":{"a":0,"k":100,"ix":7},"sk":{"a":0,"k":0,"ix":4},"sa":{"a":0,"k":0,"ix":5},"nm":"Transform"}],"nm":"Group 1","np":4,"cix":2,"bm":0,"ix":1,"mn":"ADBE Vector Group","hd":false}],"ip":0,"op":48,"st":0,"bm":0},{"ddd":0,"ind":2,"ty":4,"nm":"mitte","sr":1,"ks":{"o":{"a":0,"k":100,"ix":11},"r":{"a":0,"k":0,"ix":10},"p":{"a":0,"k":[12,12,0],"ix":2},"a":{"a":0,"k":[9,6,0],"ix":1},"s":{"a":0,"k":[100,100,100],"ix":6}},"ao":0,"shapes":[{"ty":"gr","it":[{"ind":0,"ty":"sh","ix":1,"ks":{"a":1,"k":[{"i":{"x":0.833,"y":0.833},"o":{"x":0.167,"y":0.167},"t":0,"s":[{"i":[[-0.55,0],[0,0],[0,0.55],[0.55,0],[0,0],[0,-0.55]],"o":[[0,0],[0.55,0],[0,-0.55],[0,0],[-0.55,0],[0,0.55]],"v":[[-8,1],[8,1],[9,0],[8,-1],[-8,-1],[-9,0]],"c":true}]},{"i":{"x":0.833,"y":0.833},"o":{"x":0.167,"y":0.167},"t":3,"s":[{"i":[[-0.55,0],[0,0],[0,0.55],[0.55,0],[0,0],[0,-0.55]],"o":[[0,0],[0.55,0],[0,-0.55],[0,0],[-0.55,0],[0,0.55]],"v":[[-3.133,0.997],[-3.125,0.998],[-2.125,-0.002],[-3.125,-1.002],[-3.133,-1.003],[-4.133,-0.003]],"c":true}]},{"t":4,"s":[{"i":[[-0.55,0],[0,0],[0,0.55],[0.55,0],[0,0],[0,-0.55]],"o":[[0,0],[0.55,0],[0,-0.55],[0,0],[-0.55,0],[0,0.55]],"v":[[-4.008,0.998],[-4,1],[-3,0],[-4,-1],[-4.008,-1.002],[-5.008,-0.002]],"c":true}]}],"ix":2},"nm":"Path 2","mn":"ADBE Vector Shape - Group","hd":false},{"ty":"mm","mm":1,"nm":"Merge Paths 1","mn":"ADBE Vector Filter - Merge","hd":false},{"ty":"mm","mm":4,"nm":"Merge Paths 2","mn":"ADBE Vector Filter - Merge","hd":false},{"ty":"fl","c":{"a":0,"k":[0.996078431606,0.996078431606,0.996078431606,1],"ix":4},"o":{"a":1,"k":[{"i":{"x":[0.833],"y":[0.833]},"o":{"x":[0.167],"y":[0.167]},"t":3,"s":[100]},{"t":4,"s":[0]}],"ix":5},"r":1,"bm":0,"nm":"Fill 1","mn":"ADBE Vector Graphic - Fill","hd":false},{"ty":"tr","p":{"a":0,"k":[9,6],"ix":2},"a":{"a":0,"k":[0,0],"ix":1},"s":{"a":0,"k":[100,100],"ix":3},"r":{"a":0,"k":0,"ix":6},"o":{"a":0,"k":100,"ix":7},"sk":{"a":0,"k":0,"ix":4},"sa":{"a":0,"k":0,"ix":5},"nm":"Transform"}],"nm":"Group 1","np":4,"cix":2,"bm":0,"ix":1,"mn":"ADBE Vector Group","hd":false}],"ip":0,"op":48,"st":0,"bm":0},{"ddd":0,"ind":3,"ty":4,"nm":"unten","parent":2,"sr":1,"ks":{"o":{"a":0,"k":100,"ix":11},"r":{"a":1,"k":[{"i":{"x":[0.833],"y":[0.833]},"o":{"x":[0.167],"y":[0.167]},"t":5,"s":[0]},{"t":6,"s":[-45]}],"ix":10},"p":{"a":0,"k":[4,11,0],"ix":2},"a":{"a":0,"k":[4,11,0],"ix":1},"s":{"a":0,"k":[100,100,100],"ix":6}},"ao":0,"shapes":[{"ty":"gr","it":[{"ind":0,"ty":"sh","ix":1,"ks":{"a":1,"k":[{"i":{"x":0.833,"y":0.833},"o":{"x":0.167,"y":0.167},"t":0,"s":[{"i":[[-0.55,0],[0,0],[0,0.55],[0.55,0],[0,0],[0,-0.55]],"o":[[0,0],[0.55,0],[0,-0.55],[0,0],[-0.55,0],[0,0.55]],"v":[[-8,6],[8,6],[9,5],[8,4],[-8,4],[-9,5]],"c":true}]},{"i":{"x":0.833,"y":0.833},"o":{"x":0.167,"y":0.167},"t":5,"s":[{"i":[[-0.55,0],[0,0],[0,0.55],[0.55,0],[0,0],[0,-0.55]],"o":[[0,0],[0.55,0],[0,-0.55],[0,0],[-0.55,0],[0,0.55]],"v":[[-5.141,6],[-5.126,6],[-4.125,5],[-5.125,4],[-5.142,4],[-6.142,5]],"c":true}]},{"i":{"x":0.833,"y":0.833},"o":{"x":0.167,"y":0.167},"t":9,"s":[{"i":[[-0.55,0],[0,0],[0,0.55],[0.55,0],[0,0],[0,-0.55]],"o":[[0,0],[0.55,0],[0,-0.55],[0,0],[-0.55,0],[0,0.55]],"v":[[-5.141,6],[9.059,6.004],[10.06,5.004],[9.06,4.004],[-5.142,4],[-6.142,5]],"c":true}]},{"t":10,"s":[{"i":[[-0.55,0],[0,0],[0,0.55],[0.55,0],[0,0],[0,-0.55]],"o":[[0,0],[0.55,0],[0,-0.55],[0,0],[-0.55,0],[0,0.55]],"v":[[-5.737,5.994],[9.899,6.024],[10.9,5.024],[9.9,4.024],[-5.739,3.994],[-6.739,4.994]],"c":true}]}],"ix":2},"nm":"Path 3","mn":"ADBE Vector Shape - Group","hd":false},{"ty":"mm","mm":1,"nm":"Merge Paths 1","mn":"ADBE Vector Filter - Merge","hd":false},{"ty":"mm","mm":4,"nm":"Merge Paths 2","mn":"ADBE Vector Filter - Merge","hd":false},{"ty":"fl","c":{"a":0,"k":[0.996078431606,0.996078431606,0.996078431606,1],"ix":4},"o":{"a":0,"k":100,"ix":5},"r":1,"bm":0,"nm":"Fill 1","mn":"ADBE Vector Graphic - Fill","hd":false},{"ty":"tr","p":{"a":0,"k":[9,6],"ix":2},"a":{"a":0,"k":[0,0],"ix":1},"s":{"a":0,"k":[100,100],"ix":3},"r":{"a":0,"k":0,"ix":6},"o":{"a":0,"k":100,"ix":7},"sk":{"a":0,"k":0,"ix":4},"sa":{"a":0,"k":0,"ix":5},"nm":"Transform"}],"nm":"Group 1","np":4,"cix":2,"bm":0,"ix":1,"mn":"ADBE Vector Group","hd":false}],"ip":0,"op":48,"st":0,"bm":0}],"markers":[]}