{"v":"5.5.7","meta":{"g":"LottieFiles AE 0.1.20","a":"","k":"","d":"","tc":"none"},"fr":24,"ip":0,"op":4,"w":36,"h":36,"nm":"Comp 1","ddd":0,"assets":[],"layers":[{"ddd":0,"ind":1,"ty":4,"nm":"point Outlines GR�N","sr":1,"ks":{"o":{"a":0,"k":100,"ix":11},"r":{"a":0,"k":0,"ix":10},"p":{"a":1,"k":[{"i":{"x":0.833,"y":0.833},"o":{"x":0.167,"y":0.167},"t":0,"s":[18,18.125,0],"to":[0,-1.01,0],"ti":[0,1.01,0]},{"t":4,"s":[18,12.062,0]}],"ix":2},"a":{"a":0,"k":[9,9,0],"ix":1},"s":{"a":0,"k":[100,100,100],"ix":6}},"ao":0,"shapes":[{"ty":"gr","it":[{"ind":0,"ty":"sh","ix":1,"ks":{"a":1,"k":[{"i":{"x":0.833,"y":0.833},"o":{"x":0.167,"y":0.167},"t":0,"s":[{"i":[[0.07,0],[0,0.07],[-0.07,0],[0,-0.07]],"o":[[-0.07,0],[0,-0.07],[0.07,0],[0,0.07]],"v":[[0.006,0.003],[0.005,0.004],[0.002,0.003],[0.003,0.004]],"c":true}]},{"t":4,"s":[{"i":[[1.429,0],[0,1.429],[-1.43,0],[0,-1.429]],"o":[[-1.429,0],[0,-1.429],[1.43,0],[0,1.429]],"v":[[0,2.588],[-2.588,0],[0,-2.588],[2.588,0]],"c":true}]}],"ix":2},"nm":"inner","mn":"ADBE Vector Shape - Group","hd":false},{"ind":1,"ty":"sh","ix":2,"ks":{"a":1,"k":[{"i":{"x":0.833,"y":0.833},"o":{"x":0.167,"y":0.167},"t":0,"s":[{"i":[[3.905,0],[0,-3.905],[-3.905,0],[0,3.905]],"o":[[-3.905,0],[0,3.905],[3.905,0],[0,-3.905]],"v":[[0,-7.071],[-7.071,0],[0,7.071],[7.071,0]],"c":true}]},{"t":4,"s":[{"i":[[4.971,0],[0,-4.971],[-0.024,-0.095],[-0.035,7.702]],"o":[[-4.971,0],[-0.028,7.765],[-0.087,0.032],[0,-4.971]],"v":[[0,-9],[-9,0],[0.213,13.289],[9,0]],"c":true}]}],"ix":2},"nm":"outer","mn":"ADBE Vector Shape - Group","hd":false},{"ty":"mm","mm":1,"nm":"Merge Paths 1","mn":"ADBE Vector Filter - Merge","hd":false},{"ty":"mm","mm":4,"nm":"Merge Paths 2","mn":"ADBE Vector Filter - Merge","hd":false},{"ty":"fl","c":{"a":0,"k":
[0.760784,0.909804,0.0705882,1]
,"ix":4},"o":{"a":0,"k":100,"ix":5},"r":1,"bm":0,"nm":"Fill 1","mn":"ADBE Vector Graphic - Fill","hd":false},{"ty":"tr","p":{"a":0,"k":[9,9],"ix":2},"a":{"a":0,"k":[0,0],"ix":1},"s":{"a":0,"k":[100,100],"ix":3},"r":{"a":0,"k":0,"ix":6},"o":{"a":0,"k":100,"ix":7},"sk":{"a":0,"k":0,"ix":4},"sa":{"a":0,"k":0,"ix":5},"nm":"Transform"}],"nm":"Group 1","np":5,"cix":2,"bm":0,"ix":1,"mn":"ADBE Vector Group","hd":false}],"ip":0,"op":48,"st":0,"bm":0}],"markers":[]}